Workbook

Sheet Overview
B2: IRS Ship BESS / CPSS — Compliance Tracker
B3: Self-contained requirements (no IRS document needed to read them) · Yes (green) / No (red) / descriptive Reference
A5: # | B5: Category (sheet) | C5: Total items | D5: Yes (✔) | E5: No | F5: Outstanding (blank)
A6: 1 | B6: Batteries | C6: 8 | D6: =COUNTIF(Batteries!D5:D12,"?*")+COUNTIF(Batteries!D5:D12,"✔") -> 0 | E6: =COUNTIF(Batteries!E5:E12,"?*")+COUNTIF(Batteries!E5:E12,"✔") -> 0 | F6: =C6-D6-E6 -> 8
A7: 2 | B7: BMS | C7: 11 | D7: =COUNTIF(BMS!D5:D15,"?*")+COUNTIF(BMS!D5:D15,"✔") -> 0 | E7: =COUNTIF(BMS!E5:E15,"?*")+COUNTIF(BMS!E5:E15,"✔") -> 0 | F7: =C7-D7-E7 -> 11
A8: 3 | B8: Cooling System | C8: 6 | D8: =COUNTIF('Cooling System'!D5:D10,"?*")+COUNTIF('Cooling System'!D5:D10,"✔") -> 0 | E8: =COUNTIF('Cooling System'!E5:E10,"?*")+COUNTIF('Cooling System'!E5:E10,"✔") -> 0 | F8: =C8-D8-E8 -> 6
A9: 4 | B9: Battery Space & Install | C9: 13 | D9: =COUNTIF('Battery Space & Install'!D5:D17,"?*")+COUNTIF('Battery Space & Install'!D5:D17,"✔") -> 0 | E9: =COUNTIF('Battery Space & Install'!E5:E17,"?*")+COUNTIF('Battery Space & Install'!E5:E17,"✔") -> 0 | F9: =C9-D9-E9 -> 13
A10: 5 | B10: Documentation | C10: 17 | D10: =COUNTIF(Documentation!D5:D21,"?*")+COUNTIF(Documentation!D5:D21,"✔") -> 0 | E10: =COUNTIF(Documentation!E5:E21,"?*")+COUNTIF(Documentation!E5:E21,"✔") -> 0 | F10: =C10-D10-E10 -> 17
A11: 6 | B11: Tests & Certification | C11: 11 | D11: =COUNTIF('Tests & Certification'!D5:D15,"?*")+COUNTIF('Tests & Certification'!D5:D15,"✔") -> 0 | E11: =COUNTIF('Tests & Certification'!E5:E15,"?*")+COUNTIF('Tests & Certification'!E5:E15,"✔") -> 0 | F11: =C11-D11-E11 -> 11
A12: 7 | B12: Battery Tests | C12: 28 | D12: =COUNTIF('Battery Tests'!D6:D11,"?*")+COUNTIF('Battery Tests'!D6:D11,"✔")+COUNTIF('Battery Tests'!D13:D20,"?*")+COUNTIF('Battery Tests'!D13:D20,"✔")+COUNTIF('Battery Tests'!D22:D28,"?*")+COUNTIF('Battery Tests'!D22:D28,"✔")+COUNTIF('Battery Tests'!D30:D36,"?*")+COUNTIF('Battery Tests'!D30:D36,"✔") -> 0 | E12: =COUNTIF('Battery Tests'!E6:E11,"?*")+COUNTIF('Battery Tests'!E6:E11,"✔")+COUNTIF('Battery Tests'!E13:E20,"?*")+COUNTIF('Battery Tests'!E13:E20,"✔")+COUNTIF('Battery Tests'!E22:E28,"?*")+COUNTIF('Battery Tests'!E22:E28,"✔")+COUNTIF('Battery Tests'!E30:E36,"?*")+COUNTIF('Battery Tests'!E30:E36,"✔") -> 0 | F12: =C12-D12-E12 -> 28
B13: TOTAL | C13: =SUM(C6:C12) -> 94 | D13: =SUM(D6:D12) -> 0 | E13: =SUM(E6:E12) -> 0 | F13: =SUM(F6:F12) -> 94
B15: How to use: 1. Open each category tab. Every row is a complete, standalone requirement — safe to share externally (no IRS clause numbers, no IRS document needed). 2. For each requirement put an x (or ✔) in Yes OR No — Yes shades green, No shades red. 3. In Reference, describe your evidence: e.g. 'BMS circuit diagram CE-BMS-04 rev B' or 'IEC 62619 cell test report R-2231, TÜV, 12-Mar-2026, LFP'. 4. This Overview tallies Yes / No / Outstanding per sheet automatically. The 'Item' codes (BAT-, BMS-, etc.) are internal reference tags for this project, not IRS clause numbers.

Sheet Batteries
A1: Batteries — IRS Compliance Tracker
A2: Each row states, in full, what must be supplied or satisfied — no external document needed to interpret it. Mark ONE of Yes / No with an x (or ✔): Yes shades green, No shades red. In Reference, describe your evidence (document title & number, report number, issuer, date, chemistry/model). Owner: Clean Electric = battery/BMS manufacturer; Integrator = system integrator / approval applicant; Vessel/Shipyard = installation & ship systems.
A4: Item | B4: Requirement / Specification (what is required) | C4: Owner | D4: Yes | E4: No | F4: Reference / Evidence (describe your document, report no., date)
A5: BAT-01 | B5: Type approval per chemistry. Each lithium-ion battery type (i.e. each distinct cell chemistry) must hold a valid type approval covering the complete approval cycle: drawing and specification approval, manufacturer works assessment, an approved type-testing programme, and satisfactory type and functional testing. Provide the type approval certificate for the exact chemistry offered on this project. | C5: Clean Electric
A6: BAT-02 | B6: Vessel unit certification support. Beyond type approval, the specific battery system fitted to the vessel is subject to unit certification. Provide the vessel-specific plans and the valid type approval certificate so the delivered system can be tested against an approved, project-specific test protocol. | C6: Integrator
A7: BAT-03 | B7: Battery chemistry declaration. State the active-material chemistry of the cells (e.g. LFP / NMC / LCO / LMO / NCA / LTO) with the correct designation. The chemistry drives the applicable safety tests and the vessel risk assessment, so it must be declared unambiguously with the cell/module/pack model numbers. | C7: Clean Electric
A8: BAT-04 | B8: Cell and battery marking. Each cell/battery must be clearly marked (per IEC 62620) with: rechargeable Li/Li-ion designation, polarity, date of manufacture, manufacturer or supplier name/ID, rated capacity, nominal voltage, and an appropriate caution statement. Model name and manufacturing traceability must be on the cell/battery surface. Disposal instructions, recommended charge instructions and cell designation must be marked on/supplied with the cell (or in the manual where no marking space exists). | C8: Clean Electric
A9: BAT-05 | B9: Certificate lifecycle & change control. Confirm the type approval is current (validity is five years) and that intermediate audit intervals do not exceed 30 months. Confirm no substantial change has been made to the design, the manufacturing or control processes, or the material characteristics since the certificate was issued — any such change invalidates the certificate unless approved in advance. | C9: Clean Electric
A10: BAT-06 | B10: Capacity adequacy. The installed battery capacity must be sufficient for the vessel's intended operation. Provide the data (cell/module ratings, usable energy, derating assumptions) needed to demonstrate the capacity meets the operational duty. | C10: Integrator
A11: BAT-07 | B11: Propulsion redundancy (main-power case). Where batteries are the main source of propulsion power, two independent battery systems are required; with one system out of service the remaining system must retain enough capacity for a safe journey to the nearest port. Provide the cell/system data supporting this redundancy and reduced-capacity calculation, including charging philosophy (onboard/shore). | C11: Integrator
A12: BAT-08 | B12: Physical separation by chemistry. Where the risk assessment for the chosen chemistry calls for physical separation, the two battery systems must sit in different battery spaces, and cells of different characteristics must not share a space. Confirm any manufacturer requirement or recommendation on separation for this chemistry. | C12: Clean Electric

Sheet BMS
A1: BMS — IRS Compliance Tracker
A2: Each row states, in full, what must be supplied or satisfied — no external document needed to interpret it. Mark ONE of Yes / No with an x (or ✔): Yes shades green, No shades red. In Reference, describe your evidence (document title & number, report number, issuer, date, chemistry/model). Owner: Clean Electric = battery/BMS manufacturer; Integrator = system integrator / approval applicant; Vessel/Shipyard = installation & ship systems.
A4: Item | B4: Requirement / Specification (what is required) | C4: Owner | D4: Yes | E4: No | F4: Reference / Evidence (describe your document, report no., date)
A5: BMS-01 | B5: BMS role & compatibility. The Battery Management System is an integral part of the battery system. It must maintain the condition of the cells and battery and protect them from unsafe situations — internal battery defects, excessive external demand (e.g. high current draw) and overcharging. Confirm the BMS is compatible with the battery system, the other battery components, and the vessel's electrical equipment, and provide its functional description. | C5: Clean Electric
A6: BMS-02 | B6: Parameters monitored by the BMS. The BMS must monitor, as a minimum: battery charging/discharging; battery temperature at cell level; cell balance; cell voltage; available power; battery-system shutdown; battery-system breaker trip; and over-voltage trip. A power-supply-failure alarm must also be provided. Supply the monitored-points list / I-O schedule showing each of these. | C6: Clean Electric
A7: BMS-03 | B7: Continuous monitoring at the manned control station. The following must be continuously available for monitoring at a manned control station: high and low values of cell voltage and temperature; battery current; battery charge and discharge current; available power; available energy; State of Health (SoH); and — where an integrated off-gas system is fitted — ventilation-fan running status (on/off). Provide the list of values output to the manned station. | C7: Clean Electric
A8: BMS-04 | B8: Alarms at the manned location (preferably bridge). Audible and visual alarms must be provided for: operation of the protective device; cell temperature high; ventilation failure (where an integrated off-gas system is fitted); cell over-voltage; cell under-voltage; opening of a cell safety-venting device or high pressure in the battery; state-of-charge minimum (at manned local station and bridge); gas detection in the integrated off-gas duct (where fitted); cell voltage imbalance; low insulation level; cooling failure; and communication failure. Provide the alarm list and the alarm test method. | C8: Clean Electric
A9: BMS-05 | B9: Thermal management & charge/discharge limits. The BMS should actively manage operation with respect to battery temperature and may link continuous temperature monitoring to external responses (battery isolation, early-warning alarms, fixed fire suppression). Cells must not be charged beyond 100% state of charge, and discharge below the minimum safe voltage must be prevented. Describe the thermal-management logic and these protective limits. | C9: Clean Electric
A10: BMS-06 | B10: Current limiting vs SOC/SOH and converter communication. The BMS must limit currents to keep the battery in a safe condition, with permitted currents controlled relative to state of charge and taking account of state of health through life. The BMS must communicate to the battery converter the voltage and current limits for both charging and discharging. Provide the BMS-to-converter interface/communication specification. | C10: Clean Electric
A11: BMS-07 | B11: High-resolution cell monitoring. The BMS must be capable of monitoring individual cell voltages and currents to a high resolution, so that every cell stays within the range specified by the cell manufacturer. State the measurement resolution and per-cell monitoring architecture. | C11: Clean Electric
A12: BMS-08 | B12: BMS unit certification & environmental testing. The BMS is subject to unit testing and certification. Its environmental test evidence is reviewed against the marine type-approval requirements for control/monitoring/alarm/protection equipment. Provide the BMS environmental test reports and confirm the unit-certification route. | C12: Clean Electric
A13: BMS-09 | B13: BMS software quality & verification. Provide a software quality plan for the BMS. Software used for control, safety, alarm and monitoring must be capable of assessment against recognised software-verification requirements for computer-based systems — including version control, identification of safety-related functions, and verification/validation records. | C13: Clean Electric
A14: BMS-10 | B14: SOC and SOH calculation methodology. Provide documentation describing how the battery's State of Charge and State of Health are calculated, including the inputs used and the method, so the values presented to the vessel's monitoring and energy-management systems can be relied upon. | C14: Clean Electric
A15: BMS-11 | B15: Energy Management System independence (if provided). Where an Energy Management System is provided, it must be independent of the BMS and must continuously assess available power and energy using the SoH and SoC provided by the BMS, optimise load sharing between power sources, and be able to initiate protective action. Confirm the interface the BMS exposes to an EMS. | C15: Integrator

Sheet Cooling System
A1: Cooling System — IRS Compliance Tracker
A2: Each row states, in full, what must be supplied or satisfied — no external document needed to interpret it. Mark ONE of Yes / No with an x (or ✔): Yes shades green, No shades red. In Reference, describe your evidence (document title & number, report number, issuer, date, chemistry/model). Owner: Clean Electric = battery/BMS manufacturer; Integrator = system integrator / approval applicant; Vessel/Shipyard = installation & ship systems.
A4: Item | B4: Requirement / Specification (what is required) | C4: Owner | D4: Yes | E4: No | F4: Reference / Evidence (describe your document, report no., date)
A5: COOL-01 | B5: Cooling system arrangement. Where forced cooling is required for safe battery operation, provide the details and arrangement of the cooling system, including how modules are cooled and how the cooling maintains cells within their safe operating temperature range. | C5: Clean Electric
A6: COOL-02 | B6: Rack / module housing arrangement. Provide the rack arrangement used to house multiple battery modules together with the cooling arrangement, so the combined thermal and mechanical layout can be assessed. | C6: Clean Electric
A7: COOL-03 | B7: Cooling-system pressure test. For a liquid (including immersion) cooling system, the cooling circuit must be pressure-tested to verify its pressure-withstanding capacity. Provide the pressure test report. | C7: Clean Electric
A8: COOL-04 | B8: Cooling failure alarm. Failure of the cooling system must be alarmed at the manned location. Confirm how a cooling failure is detected and describe the resulting alarm. | C8: Clean Electric
A9: COOL-05 | B9: Cooling functional test after installation. After installation (and after any major repair affecting safety) the cooling system must be functionally tested to the surveyor's satisfaction. Provide the commissioning/functional test procedure and records. | C9: Integrator
A10: COOL-06 | B10: Coolant specification (immersion). For an immersion-cooled design, provide the coolant specification including dielectric properties, the flow and temperature monitoring points, and any interlock between coolant condition and the battery's charge/discharge limits. | C10: Clean Electric

Sheet Battery Space & Install
A1: Battery Space & Install — IRS Compliance Tracker
A2: Each row states, in full, what must be supplied or satisfied — no external document needed to interpret it. Mark ONE of Yes / No with an x (or ✔): Yes shades green, No shades red. In Reference, describe your evidence (document title & number, report number, issuer, date, chemistry/model). Owner: Clean Electric = battery/BMS manufacturer; Integrator = system integrator / approval applicant; Vessel/Shipyard = installation & ship systems.
A4: Item | B4: Requirement / Specification (what is required) | C4: Owner | D4: Yes | E4: No | F4: Reference / Evidence (describe your document, report no., date)
A5: INST-01 | B5: Class notation. The vessel is to be assigned the appropriate battery notation depending on the battery's role — main propulsion power, or additional (propulsion-support) power in a hybrid arrangement. Confirm the intended role so the correct notation and requirements apply. | C5: Integrator
A6: INST-02 | B6: Dedicated battery space. Battery units must be installed in a separate room/space reserved for the purpose, positioned aft of the collision bulkhead, with boundaries forming part of the vessel structure (or of equivalent structural integrity), and not adjacent to spaces containing combustible/flammable materials. Access must be via normally-closed doors with alarms, or self-closing doors. | C6: Vessel/Shipyard
A7: INST-03 | B7: Fire/collision survivability & category-A treatment. Batteries driving propulsion must be installed so that a fire or collision will not cause total loss of propulsion power, with redundant-system cables separated as widely as practicable. The battery compartment is to be treated as a machinery space of category A, with structural fire protection to suit. | C7: Vessel/Shipyard
A8: INST-04 | B8: Terminals & ingress protection. Battery terminals must be clearly marked with polarity, rated for the maximum current, protected against the risk of short circuit, and terminated per manufacturer recommendation. The enclosure ingress protection must suit the installation area (minimum IP44 recommended). Provide terminal/enclosure details and the IP rating. | C8: Clean Electric
A9: INST-05 | B9: Overload/short-circuit protection & emergency shutdown. Each battery system must be protected against overload and short circuit. An emergency shutdown must disconnect the battery system in an emergency, raise an alarm at a manned station, and be operable both from outside the battery space and from a manned control location. Provide the protection scheme and ESD arrangement/interfaces. | C9: Integrator
A10: INST-06 | B10: Independent space-temperature sensing. The sensors used for battery-space temperature alarm and indication must be independent of the sensors used for battery (cell) temperature monitoring. Confirm the sensor architecture. | C10: Vessel/Shipyard
A11: INST-07 | B11: Safety system behaviour. The manufacturer's recommended safety practices must be documented and implemented. The safety system must activate automatically on manufacturer-defined conditions (e.g. overcharge, undercharge, high temperature, gas leakage), raising audio-visual alarms at the manned control station and bridge. Charging voltage and current must stay within manufacturer-recommended values with an alarm when out of range; single-cell voltage and gas release must be monitored; and interfaces to ventilation, fire-extinguishing and shutdown must be provided and demonstrated. Provide the safety-system description and the conditions/setpoints. | C11: Integrator
A12: INST-08 | B12: Ventilation. The battery compartment must be ventilated by an independent mechanical ventilation system (ducting independent of other HVAC unless the risk assessment finds the space non-hazardous), with an effective air inlet near floor level and spark-minimising, anti-static (non-metallic) fans. Provide at least 2 air changes/hour in normal operation and at least 6 air changes/hour in an emergency gas-release situation; the emergency exhaust fan must start automatically on gas detection and be operable remotely from a manned station and locally. Provide ventilation ducting plans and airflow calculations. | C12: Vessel/Shipyard
A13: INST-09 | B13: Hazardous-area & electrical equipment. Electrical equipment in the battery space must be of certified safe type, certified for the gas and temperature group of the battery's gas composition and at least Type IIC T1. Hazardous-area categorisation must follow IEC 60079, with zone 2 assigned where flammable gases may be evolved. Provide the hazardous-area plan and the Ex equipment list with protection details. | C13: Vessel/Shipyard
A14: INST-10 | B14: Fire & gas detection. Battery spaces must be monitored by smoke detectors (complying with the IMO FSS Code) and a fire detection system with its alarm at the manned control station. Where gas can be released, a gas detection system must alarm at 30% LEL and automatically disconnect the batteries at 30% LEL, with any electrical circuit in the space de-energised at 60% LEL. Provide the fire & gas detection plan. | C14: Vessel/Shipyard
A15: INST-11 | B15: Battery-room temperature monitoring. Automatic monitoring of temperature in the battery room/space must be provided; for lithium-ion installations, fixed or portable thermographic cameras are recommended. Provide the temperature-monitoring arrangement. | C15: Vessel/Shipyard
A16: INST-12 | B16: Fire extinguishing. Battery spaces must be protected by a fixed water-based extinguishing system approved for machinery spaces of category A, designed around the ventilation arrangement, with control/activation from outside the space and an interlock preventing automatic release while access doors are open. In addition, two portable dry-powder or two CO2 extinguishers (at least 5 kg) must be provided near the battery room. Provide the fire-extinguishing plan and design basis. | C16: Vessel/Shipyard
A17: INST-13 | B17: Firefighting-risk guidance in the manual. The operation & maintenance manual must address the risks during and after firefighting in battery spaces — potential re-ignition, arcing if batteries are disturbed, stored energy in partially burnt cells, emission of toxic gases (including continued CO release while cells remain hot), and the need for continuous CO monitoring and PPE. Provide the relevant manual section. | C17: Integrator

Sheet Documentation
A1: Documentation — IRS Compliance Tracker
A2: Each row states, in full, what must be supplied or satisfied — no external document needed to interpret it. Mark ONE of Yes / No with an x (or ✔): Yes shades green, No shades red. In Reference, describe your evidence (document title & number, report number, issuer, date, chemistry/model). Owner: Clean Electric = battery/BMS manufacturer; Integrator = system integrator / approval applicant; Vessel/Shipyard = installation & ship systems.
A4: Item | B4: Requirement / Specification (what is required) | C4: Owner | D4: Yes | E4: No | F4: Reference / Evidence (describe your document, report no., date)
A5: DOC-01 | B5: System functional description & specification. A functional description and detailed specification of the battery system for which approval is requested, stating the limiting conditions and the specific requirements for installation, operation and safety. | C5: Clean Electric
A6: DOC-02 | B6: BMS functional description & circuit diagram. A functional description of the Battery Management System, together with a BMS circuit diagram that clearly identifies the safety and protective devices. | C6: Clean Electric
A7: DOC-03 | B7: System block diagram & communications. A system block diagram clearly showing the arrangement of modules, strings and the battery pack, together with the communication system between the battery modules, the BMS and the overall controller, including details of the external interfaces. | C7: Clean Electric
A8: DOC-04 | B8: List of controlled & monitored points. A complete list of every point that the system controls and every point it monitors — i.e. each signal/parameter the battery system and BMS act upon or observe (for example cell voltages and temperatures, currents, contactor/breaker states, cooling and ventilation states, insulation, communications). The list should identify, for each point, what is measured/controlled and where it is indicated. | C8: Clean Electric
A9: DOC-05 | B9: List of alarm & monitoring parameters. A complete list of the alarm and monitoring parameters — each monitored value, its alarm condition/setpoint where applicable, and where the alarm/indication is presented (manned control station, bridge, local). | C9: Clean Electric
A10: DOC-06 | B10: Manufacturer quality plan. The battery-system manufacturer's quality plan, defining the procedures for inspection of materials, components, cells, modules, battery packs and battery systems, and covering the whole process of producing each type of cell, module, pack and system, with documented process controls relating to product safety. | C10: Clean Electric
A11: DOC-07 | B11: System operation manual. The operation manual for the battery system, describing safe operation, operating modes and limits. | C11: Clean Electric
A12: DOC-08 | B12: Type & performance test protocol. The type-test and performance-test protocol, with acceptance criteria, for testing at the manufacturer's works. Tests required to assess the LAN/communication performance must be included. This protocol is to be mutually agreed as the basis for testing and acceptance. | C12: Integrator
A13: DOC-09 | B13: Quality assurance plan. The quality assurance plan for the product. | C13: Clean Electric
A14: DOC-10 | B14: Maintenance manual. The maintenance manual for the battery system. | C14: Clean Electric
A15: DOC-11 | B15: Overall dimensional details. Overall dimensional details / general arrangement of the battery system (and its containerised enclosure). | C15: Clean Electric
A16: DOC-12 | B16: SOC/SOH calculation documentation. Documentation of the battery state-of-charge and state-of-health calculation (method and inputs). | C16: Clean Electric
... A21: DOC-17 | B21: Battery converter specification. A specification for the battery converter (the equipment used for charging and discharging the battery), including how it communicates the charging/discharging voltage and current limits with the BMS. | C21: Integrator

Sheet Tests & Certification
A1: Tests & Certification — IRS Compliance Tracker
A2: Each row states, in full, what must be supplied or satisfied — no external document needed to interpret it. Mark ONE of Yes / No with an x (or ✔): Yes shades green, No shades red. In Reference, describe your evidence (document title & number, report number, issuer, date, chemistry/model). Owner: Clean Electric = battery/BMS manufacturer; Integrator = system integrator / approval applicant; Vessel/Shipyard = installation & ship systems.
A4: Item | B4: Requirement / Specification (what is required) | C4: Owner | D4: Yes | E4: No | F4: Reference / Evidence (describe your document, report no., date)
A5: TC-01 | B5: Cell type tests. The battery cells must pass the lithium cell type tests (external short circuit, impact, drop, thermal abuse, overcharge, forced discharge), each demonstrating no fire or explosion. Provide the full cell test reports. (Detailed per-test tracking is on the 'Battery Tests' sheet.) | C5: Clean Electric
A6: TC-02 | B6: Battery-system type tests. The battery system must pass the system-level type tests: propagation/internal thermal event, overcharge with voltage, overcharge with current, overheating control, capacity validation, dielectric (high-voltage) strength, insulation resistance, and cooling-system pressure test. Provide the full system test reports. (Detailed per-test tracking is on the 'Battery Tests' sheet.) | C6: Clean Electric
A7: TC-03 | B7: Electrical type tests. The cells/battery must pass the electrical type tests: discharge performance at +25 °C, discharge performance at low temperature, high-rate permissible current, internal a.c. resistance, internal d.c. resistance, endurance in cycle, and endurance in storage. Provide the full electrical test reports. (Detailed per-test tracking is on the 'Battery Tests' sheet.) | C7: Clean Electric
A8: TC-04 | B8: Environmental type tests. The battery system must pass the environmental type tests: vibration, dry heat, damp heat, flame retardant and EMC — plus cold and corrosion where the batteries are located outside/on the weather deck. Provide the full environmental test reports. (Detailed per-test tracking is on the 'Battery Tests' sheet.) | C8: Clean Electric
A9: TC-05 | B9: Measurement tolerances. Confirm that the acceptance measurements were taken within the required tolerances: ±0.5% for voltage, ±1% for current, ±2 °C for temperature, ±0.1% for time, and ±1% for dimensions. Provide the calibration/tolerance statement for the test setup. | C9: Clean Electric
A10: TC-06 | B10: Works assessment & witnessing. The manufacturer's facilities for design, manufacture and testing (including implemented quality-control procedures) are assessed, and type tests are witnessed by the surveyor — or, where testing is done in a recognised accredited laboratory, the test records are reviewed instead. Provide works-assessment status and, for any accredited-lab testing, the lab's recognition details and full test records. | C10: Clean Electric
A11: TC-07 | B11: Agreed system test protocol. A test protocol for the complete system must be submitted by the manufacturer and mutually agreed as the basis for testing and acceptance, covering the required inspections/tests including LAN/communication performance. Provide the proposed protocol with acceptance criteria. | C11: Integrator
A12: TC-08 | B12: Type approval & unit certification. Batteries and the BMS must be type tested/type approved to the relevant IEC standard (accredited-lab results reviewed, or witnessed by the surveyor), and both are additionally subject to unit certification. Provide the type approval and unit certificates. | C12: Clean Electric
A13: TC-09 | B13: Installation surveys & tests. After installation, the arrangement of the battery installation, BMS, PMS, cable routing, fire detection/extinguishing and ventilation is verified, and functional, safety and performance tests are carried out to an approved programme. Provide the installation survey and test records. | C13: Integrator
A14: TC-10 | B14: Post-installation commissioning tests. After installation (and after any major repair affecting safety), the following must be shown to the surveyor's satisfaction: visual inspection; operational test of BMS and PMS; test of all alarms and safety functions; charging and discharging; emergency-shutdown operation; fire and gas detection; fire extinguishing; ventilation and cooling; and any additional tests identified in the risk assessment. Provide the commissioning test procedure and records. | C14: Integrator
A15: TC-11 | B15: Periodical (annual) surveys. At each annual survey the battery spaces and equipment are examined and the operation/maintenance documentation verified, including: storage/maintenance/replacement records; UPS operation; all emergency-shutdown arrangements; all smoke, gas and fire detectors; ventilation systems; general examination of firefighting systems; and test of alarms and safety functions. Provide the information needed to support these surveys. | C15: Vessel/Shipyard

Sheet Battery Tests
A1: Battery Tests — full list of individual type tests
A2: Every individual battery type test, grouped a) cell tests, b) system tests, c) electrical tests, d) environmental tests. All are the battery/BMS manufacturer's responsibility, witnessed by the surveyor or performed in a recognised accredited lab. Mark ONE of Yes / No with an x (or ✔): Yes shades green, No shades red. In Reference, describe the test report.
A4: Item | B4: Test — what is verified | C4: Standard / Clause | D4: Yes | E4: No | F4: Reference / Evidence (report no., issuer, date, chemistry/model)
A5: a) Type Tests of Battery Cells (Lithium Cell Tests — IEC 62619 Cl.7.2)
A6: BT-01 | B6: External short circuit — a short-circuit between the positive and negative terminals must not cause a fire or explosion. | C6: IEC 62619 Cl.7.2.1
A7: BT-02 | B7: Impact — an impact applied to the cell must not cause a fire or explosion. | C7: IEC 62619 Cl.7.2.2
A8: BT-03 | B8: Drop test — dropping a cell, cell block or battery system must not cause a fire or explosion. | C8: IEC 62619 Cl.7.2.3
A9: BT-04 | B9: Thermal abuse — an elevated temperature applied to a cell or cell block must not cause a fire or explosion. | C9: IEC 62619 Cl.7.2.4
A10: BT-05 | B10: Overcharge — charging for longer than the manufacturer specifies must not cause a fire or explosion. | C10: IEC 62619 Cl.7.2.5
A11: BT-06 | B11: Forced discharge — a cell in a multi-cell application must withstand a forced discharge without fire or explosion. | C11: IEC 62619 Cl.7.2.6
A12: b) Tests on Battery Systems (Lithium Battery System Tests)
A13: BT-07 | B13: Propagation / internal thermal event — a forced internal short-circuit within one cell must not cause fire of the entire battery system, nor fire propagating outside the system. | C13: IEC 62619 Cl.7.3.3
A14: BT-08 | B14: Overcharge with voltage — the BMS must control the charging voltage below the cells' upper-limit charging voltage. | C14: IEC 62619 Cl.8.2.2
A15: BT-09 | B15: Overcharge with current — if input current exceeds the cells' maximum charging current, the BMS must interrupt charging to protect the system. | C15: IEC 62619 Cl.8.2.3
A16: BT-10 | B16: Overheating control — the BMS must terminate charging when cell/battery temperature exceeds the manufacturer's specified upper limit. | C16: IEC 62619 Cl.8.2.4
A17: BT-11 | B17: Capacity validation — determines the capacity a cell retains after extended storage, and the capacity recoverable by a subsequent recharge. | C17: IEC 62620 Cl.6.4
A18: BT-12 | B18: Dielectric strength (high-voltage test) — verifies the high-voltage withstanding capacity. | C18: High-voltage / dielectric test
A19: BT-13 | B19: Insulation resistance — verifies the strength of the insulation. | C19: Insulation-resistance test
A20: BT-14 | B20: Pressure test of cooling system — verifies the pressure-withstanding capacity of the liquid/immersion cooling circuit (liquid-cooled systems). | C20: Cooling-circuit pressure test
A21: c) Electrical Type Tests (Ref. IEC 62620)
A22: BT-15 | B22: Discharge performance at +25 °C — verifies the delivered capacity is not less than specified. | C22: IEC 62620 Cl.6.3.1
A23: BT-16 | B23: Discharge performance at low temperature — identifies the temperature at which the cell delivers 70% of rated capacity. | C23: IEC 62620 Cl.6.3.2
A24: BT-17 | B24: High-rate permissible current — verifies the battery type's ability to withstand high currents. | C24: IEC 62620 Cl.6.3.3
A25: BT-18 | B25: Internal a.c. resistance — verifies the measured resistance is not more than the manufacturer-declared value. | C25: IEC 62620 Cl.6.5.2
A26: BT-19 | B26: Internal d.c. resistance — verifies the measured resistance is not more than the manufacturer-declared value. | C26: IEC 62620 Cl.6.5.3
A27: BT-20 | B27: Endurance in cycle — verifies the capacity after cyclic charge and discharge (for cyclic-application batteries). | C27: IEC 62620 Cl.6.6.1
A28: BT-21 | B28: Endurance in storage — verifies the capacity when used for standby application (constant-voltage storage). | C28: IEC 62620 Cl.6.6.2
A29: d) Environmental Tests of Batteries (Lithium Battery System Environmental Tests)
A30: BT-22 | B30: Vibration — verifies vibration-withstanding capacity. | C30: Environmental — vibration
A31: BT-23 | B31: Dry heat — verifies dry-heat-withstanding capacity. | C31: Environmental — dry heat
A32: BT-24 | B32: Damp heat — verifies damp-heat-withstanding capacity in humid conditions. | C32: Environmental — damp heat
A33: BT-25 | B33: Cold** — verifies low-temperature-withstanding capacity. (**Applicable only when batteries are located outside / on the weather deck.) | C33: Environmental — cold
A34: BT-26 | B34: Corrosion** — verifies capability of operation in a salty atmosphere. (**Applicable only when batteries are located outside / on the weather deck.) | C34: Environmental — corrosion (salt)
A35: BT-27 | B35: Flame retardant — verifies flame-exposure-withstanding capacity (where flammable materials are used). | C35: Environmental — flame retardant
A36: BT-28 | B36: EMC — verifies electromagnetic compatibility. | C36: Environmental — EMC
